"id","title","context"
1,"제 1 조(약관의 내용)","제 1 조(약관의 내용)  이 약관은 한국무역보험공사(이하 “공사”라 함)가 보험증권에 기재된 수출계약과 관련하여 국내에 주소를 둔 수출자(이하 “보험계약자”라 함)가 당해 수출한 물품(용역을 포함하며, 이하 같음)의 대금을 회수할 수 없게 된 경우(이하 “대금회수불능”이라 함)에 입게 되는 손실을 보상하는 단기수출보험계약의 내용을 정하는 보험약관입니다."
2,"제 2 조(적용대상거래)","제 2 조(적용대상거래)  ① 이 약관은 보험계약자가 체결한 수출대금 또는 임대료(이하 “수출대금”이라 함)의 결제기간이 선적후 또는 일람후 2년 이내인 다음 각호의 1에 해당하는 수출거래에 대하여 적용합니다.
   1. 국내에서 생산ㆍ가공 또는 집하된 물품을 수출하는 거래(우리나라 선박에 의하여 외국에서 채취 또는 포획한 수산물을 수출하는 거래 포함)
   2. 국내기업의 해외현지법인이 생산ㆍ가공한 물품 또는 국내기업이 위탁하여 외국에서 가공한 물품을 수출하는 거래
   3. 수출을 목적으로 물품을 수입하여 제3국으로 수출하는 거래
  ② 제1항의 수출계약은 다음 각호의 1에 해당하지 않아야 합니다.
   1. 신용장방식 수출거래에서 신용장조건으로 명시된 서류가 당해 신용장조건에 일치하더라도 그와 별도로 신용장개설은행의 대금지급책임이 면제 또는 경감될 수 있는 내용을 포함하고 있는 경우
   2. 무신용장방식 수출거래에서 수출계약 등에 의하여 수출계약 상대방의 대금지급책임을 면제 또는 경감한다는 내용을 약정하고 있는 경우"
3,"제 3 조(정의)","제 3 조(정의)  ① 이 약관에서 “중소기업”이라 함은 무역보험법 제8조의 3의 규정에 의한 중소기업을 말합니다.
   ② 이 약관에서 “중견기업”이라 함은 중견기업 성장촉진 및 경쟁력 강화에 관한 특별법 제2조의 1의 규정에 의한 중견기업을 말합니다.
   ③ 이 약관에서 “본지사”라 함은 무신용장방식 수출거래에서 보험계약자(보험계약자가 수출을 대행하는 경우 수출대행의뢰자 포함)와 수출계약 상대방이 다음 각호의 1에 해당하는 관계에 있는 경우를 말합니다.
    1. 국내본사(지사)와 해외지사(본사) 또는 현지법인(보험계약자의 계열기업의 해외지사 또는 현지법인을 포함함)의 관계에 있는 경우
    2. 동일한 본사의 지사(현지법인을 포함함)간의 관계에 있는 경우
    3. 최대주주(최대 지분 소유자를 포함함)로서 소유하는 주식의 수 또는 출자금의 점유비율(임직원, 대표자의 배우자 직계혈족 형제자매, 또는 계열기업을 통하여 소유하고 있는 지분의 비율을 포함함)이 발행주식의 총수 또는 출자금 총액에 대해 100분의 20을 초과하는 경우
    4. 대표권을 가진 자, 이사직에 있는 자 또는 기타 경영의 기본적 방침 결정에 참가하는 자를 파견하고 있는 경우
    5. 혈연관계(4촌 이내의 친족을 말함)에 있는 경우(법인인 경우 그 대표자 또는 지배주주가 혈연관계인 경우를 포함함)
   ④ 이 약관에서 “인수한도”라 함은 보험계약자와 특정 수출계약상대방(신용장거래에서는 대금지급 책임은행을, 무신용장거래에서는 수입자를 말하며, 이하 같음)과의 수출거래와 관련 하여 보험에 붙일 수 있는 한도를 말하며 회전 운용하는 것을 원칙으로 합니다.
   ⑤ 이 약관에서 “회수에 소요된 합리적인 비용”이라 함은 직접 회수에 소요된 비용으로서 정당한 증빙에 의하여 공사가 인정하는 다음 각호의 금액을 말합니다.
    1. 회수의무이행을 위하여 소요된 여비(보통운임 및 통상의 체재비). 다만, 다른 목적이 함께 있는 경우에는 그 반액
    2. 회수의무이행을 위한 소송비용, 변호사 보수 또는 추심위임 수수료. 다만, 다른 채권이 함께 있는 경우에는 그 비례배분액
    3. 수출물품의 전매처분을 위하여 지출한 경비
    4. 기타 회수의무 이행을 위하여 지출한 경비
   ⑥ 이 약관에서 “지급불능“이라 함은 다음 각호를 말합니다.
    1. 파산, 해산, 화의절차 또는 정리절차 개시 및 이에 준하는 상태에 있는 경우
    2. 소송 등 법적수단에 의하여도 당해 채무의 전부 또는 일부가 변제될 수 없을 것이 확인된 경우
   ⑦ 이 약관에서 “수출대행“이라 함은 수출대행자인 보험계약자가 수출대행의뢰자에게 명의대여 등 수출이행을 위한 편의를 제공하고, 수출대행의뢰자는 수출과 관련된 비용과 책임의 전부 또는 일부를 부담하는 조건의 수출을 말합니다.
   ⑧ 이 약관에서 “농수산물”이라 함은 농업, 임업, 수산업 및 축산업에 의해 생산된 물품(HS 제1류 내지 제24류 및 제44류 내지 제46류에 해당)으로 합니다."
4,"제 4 조(담보하는 위험)","제 4 조(담보하는 위험)  공사는 보험계약자가 수출계약에 따른 물품을 수출(물품의 선적을 말함. 다만, 선적전에 물품을 수출계약상대방에게 인도한 경우에는 그 인도를 말하며 이하 같음)하였으나 다음 각호의 1에 해당하는 사유로 인한 대금회수불능에 따라 입게되는 손실을 보상하여 드립니다.
   1. 비상위험
    가. 외국(수입국 또는 지급국을 포함하며, 이하 같음)에서 실시되는 환거래의 제한 또는 금지
    나. 외국에서의 전쟁ㆍ혁명ㆍ내란 기타 이에 준하는 사유로 인한 환거래의 불능
    다. 수입국에서 실시되는 수입의 제한 또는 금지(농수산물이 제2조 제1항 제1호의 방식으로 수출되는 경우  수출물품 선적후 수입국의 행정규제조치 또는 검역기준 변경에 따른 통관불능을 포함함)
    라. 수입국에서의 전쟁ㆍ혁명ㆍ내란 또는 천재지변으로 인한 그 수입국의 수입 불능
    마. 대한민국 밖에서 발생한 사유로 인한 수입국으로의 수송 불능
    바. 정부간 합의에 따른 채무상환 연기협정 또는 지급국에 원인이 있는 외화송금 지연
    사. '가'목 내지 '바'목 외에 대한민국 밖에서 발생한 사유로서 수출계약 당사자에게 책임이 없는 경우(보험계약체결 당시 취득을 필요로 하는 수입허가 또는 외환할당을 취득할 수 없게 된 경우 및 보험계약체결 당시 취득하였던 수입허가의 효력에 부수된 조건 또는 기한에 의해 수입허가의 효력을 상실한 경우는 제외함)
   2. 신용위험
    가. 수출계약상대방에 의한 수출물품(선적서류 포함)의 인수거절 또는 인수불능
    나. 수출계약상대방의 지급거절 또는 지급불능
    다. 수출계약상대방의 지급지체"
5,"제 5 조(손실액)","제 5 조(손실액)  대금회수불능에 따른 손실액은 제17조에 의한 보험가액 중 보험계약자가 결제기일까지 결제 받을 수 없게 된 금액에서 다음 각호의 금액을 뺀 잔액으로 합니다.
   1. 제23조에 의한 입금액(연체이자 제외)
   2. 공사가 보상할 책임을 짐에 따라 보험계약자가 지출하지 않아도 되는 금액
   3. 보험계약자가 수출계약상대방에 대하여 할인, 상계, 채무면제, 사고발생후의 물품인도, 기타의 방법에 의하여 감소시킨 수출채권(수출물품에 대한 권리를 포함함)의 금액. 다만, 공사가 손실방지 또는 경감을 위하여 불가피하였다고 인정하는 경우에는 그러하지 않습니다."
6,"제 6 조(보험금)","제 6 조(보험금)  ① 공사가 지급할 보험금은 아래 산식에 의해 산출된 금액으로 하되 보험금액을 한도로 합니다.
(제5조에 의한 손실액 - 제7조에 의한 면책대상손실) × 부보율주) - 제11조의 다른 보험계약 및 금융계약 등에서 지급받았거나 지급받게 될 것이 확실한 금액
    주) 대기업 95%, 중견기업 97.5%, 중소기업 100%로 하되, 보험증권 등에 별도로 명시된 경우 이를 따름(다만, 국별인수방침에 의한 부보율과 보험증권 등의 부보율이 상이한 경우에는 해당 부보율 중 작은 것을 적용함)
  ② 공사는 제1항의 보험금을 원화로 지급할 수 있습니다."
7,"제 7 조(면책)","제 7 조(면책)  ① 다음 각호의 손실에 대해서는 공사는 보상할 책임을 지지 않습니다.
   1. 본지사 거래에서 신용위험으로 인하여 발생한 손실
   2. 보험계약자가 동일한 수출계약상대방에게 계속적으로 수출하는 경우(이 보험에 들지 않은 수출거래를 포함함), 보험사고발생건의 선적일로부터 소급하여 1년 이내의 기간 중 만기가 도래한 거래의 수출대금이 결제기일(수출계약내용에 따른 수출대금의 최초 결제기일을 말하며 이하 이 조에서 같음)부터 30일이 경과한 날(이전의 수출대금이 결제기일부터 30일이 경과하기 이전이라도 그 수출대금의 전부 또는 일부가 결제되지 않을 것이 확실한 경우에는 그 사실을 안 날)까지 결제되지 않은 상태에서 수출한 거래에 대하여 발생한 손실. 다만, 다음 각목의 1에 해당하는 경우에는 면책되지 않습니다.
    가. 공사가 통지한 결제지연이 관례화된 국가에 대하여 결제기일로부터 40일이내의 결제지연 상태에서 수출한 경우
    나. 신용장방식 수출거래인 경우
    다. 무신용장방식 수출거래에서 공사가 결제관행을 인정하는 경우
   3. 물품의 멸실, 훼손 또는 기타 물품에 대해 발생한 손실
   4. 보험계약자가 법령을 위반하여 취득한 채권에 대해 발생한 손실
   5. 수출거래가 제2조에 부합하지 않는 경우
  ② 공사는 다음 각호의 1에 해당하는 경우에는 보험금의 전부 또는 일부를 지급하지 아니하거나 이미 지급한 보험금의 전부 또는 일부를 반환시킬 수 있습니다.
   1. 보험계약자(보험계약자가 수출을 대행하는 경우에는 수출대행의뢰자 포함), 보험계약자의 대리인이나 피사용인의 고의 또는 과실로 인하여 발생한 손실
   2. 보험계약자가 제10조, 제12조, 제13조 제1항 및 제21조의 의무이행을 태만히 함으로 인하여 발생한 손실"
8,"제 8 조(보험계약의 해지)","제 8 조(보험계약의 해지)  ① 공사는 아래와 같은 사실이 있는 경우에는 손실의 발생 여부와 관계없이 그 사실을 안 날부터 1개월 이내에 보험관계를 해지할 수 있습니다. 다만, 보험사고가 발생한 이후 그 사실을 알게 된 경우 또는 그 사실을 안날로부터 1개월 이내에 보험사고가 발생한 경우에는 보험계약 해지기한은 제24조의 보험금 지급기한에 따릅니다.
   1. 보험계약자 또는 그 대리인이 제9조(보험계약전 알릴 의무)에도 불구하고 고의 또는 중대한 과실로 중요한 사항에 대하여 알리지 않거나 사실과 다르게 알린 때
   2. 제18조(보험계약 후 알릴 의무) 제1항 각호에 정한 사항의 변경으로 인해 제4조에서 담보하는 위험이 현저히 증가하거나 변경되었음에도 보험계약자가 이를 알고도 알리지 않은 때
  ② 공사가 제1항에 의하여 보험관계를 해지한 때에는 보험관계를 해지하기 전에 보험사고가 발생했다 하더라도 보상할 책임을 지지 않습니다. 다만, 그 사실이 보험사고의 발생에 영향을 미치지 않았음을 보험계약자가 입증한 때에는 그러하지 않습니다."
9,"제 9 조(보험계약전 알릴 의무)",제 9 조(보험계약전 알릴 의무)  보험계약자는 인수한도 신청 및 수출통지시에 공사가 서면으로 요구한 사항 및 기타 손실을 입을 우려가 있는 중요한 사실을 공사에 알려야 합니다.
10,"제 10 조(손실방지ㆍ경감의무)","제 10 조(손실방지ㆍ경감의무)  ① 보험계약자는 손실을 방지 또는 경감하기 위해 이 보험에 들지 않은 다른 채권에 기울이는 것과 같은 주의를 가지고 모든 합리적인 조치를 취해야 합니다.
   ② 보험계약자는 타인으로부터 손실의 전부 또는 일부를 배상받을 수 있는 경우에는 그 배상청구권의 행사 또는 보전에 필요한 절차의 수행에 태만하지 않아야 합니다.
   ③ 보험계약자는 보험사고 발생사실을 확인한 후에는 당해 물품을 수출계약상대방에게 임의로 인도하지 말아야 합니다."
11,"제 11 조(다른 보험계약 및 금융계약 등의 통지의무)","제 11 조(다른 보험계약 및 금융계약 등의 통지의무)  보험계약자는 이 약관이 담보하는 위험과 같은 종류의 위험을 담보하기 위해 공사 또는 공사 이외의 자와 체결한 다른 보험계약 및 금융계약 등이 있을 경우에는 이 보험계약을 체결할 때 또는 그 다른 계약 등을 체결한 날부터 1월 이내에 그 사실을 공사에 서면으로 통지해야 합니다."
12,"제 12 조(지시에 따를 의무)","제 12 조(지시에 따를 의무)  공사는 손실의 방지ㆍ경감이나 채권회수 등을 위해 어음, 선적서류 또는 수출물품의 처분 등에 관한 지시 또는 기타 필요한 지시를 보험계약자에게 할 수 있으며, 보험계약자는 정당한 이유가 있는 경우를 제외하고는 공사의 이러한 지시에 따라야 합니다."
13,"제 13 조(조사에 따를 의무)","제 13 조(조사에 따를 의무)  ① 보험계약자는 공사가 수출계약 및 기타 보험관계에 관련되는 사항에 대해 필요한 조사ㆍ보고 또는 자료의 제출을 요구하거나, 관계장표ㆍ서류 또는 기타 물건 등을 조사하고자 할 경우에는 이에 따라야 합니다.
   ② 보험계약자는 제26조에 의하여 보험계약자가 납부해야 할 금액에 관한 채권을 보전하기 위해 공사가 보험계약자의 업무나 자산에 관하여 조사ㆍ보고 또는 자료의 제출을 요구하거나, 관계장표ㆍ서류 또는 기타 물건 등을 조사하고자 할 경우에는 이에 따라야 합니다."
14,"제 14 조(비용의 보전)","제 14 조(비용의 보전)  보험계약자가 제10조 및 제12조의 의무를 이행하기 위하여 공사의 동의를 얻어 지출한 필요 또는 유익한 비용은 보험금액을 초과한 경우라도 공사가 보상하여 드립니다."
15,"제 15 조(보험계약의 청약)","제 15 조(보험계약의 청약)  ① 제2조에 해당하는 수출계약과 관련하여 단기수출보험계약을 체결하고자 하는 자는 수출물품을 수출하기 전에 단기수출보험을 청약하여야 합니다. 다만, 보험계약자가 수출 전에 청약하지 못한 상당한 이유가 있다고 공사가 인정하는 경우에는 수출 후에도 청약할 수 있습니다.
   ② 공사는 제1항의 내용을 심사하여 보험계약자에게 증권을 발급하여 드립니다."
16,"제 15 조의 2(약관 교부 및 설명의무 등)","제 15 조의 2(약관 교부 및 설명의무 등) ① 공사는 보험계약자가 청약한 경우 보험계약자에게 약관을 드리고 약관의 중요한 내용을 설명하여 드립니다. 다만, 보험계약자가 동의하거나 전자서명법 제2조 제2호, 제3호에 따른 (공인)전자서명을 이용하는 경우에는 약관을 전자적 방법(CD, DVD등 광기록매체, 전자우편 등의 방법)으로 교부할 수 있으며, 보험계약자 또는 그 대리인이 약관을 수신하였을 때에는 해당 문서를 드린 것으로 봅니다. 또한 공사는 보험계약자가 사이버영업점(무역보험 관련 제반 서비스를 인터넷상에서 이용할 수 있도록 공사가 제공하는 사이버상의 영업점을 말합니다.)을 통하여 보험계약을 체결하기 위하여 청약하는 경우 보험계약자의 동의를 얻어 사이버영업점에서 약관 및 약관의 중요한 내용을 설명한 문서를 읽거나 내려 받게 하는 방법으로 약관의 중요한 내용을 설명할 수 있습니다. 이 경우 보험계약자가 이를 읽거나 내려 받은 것을 확인한 때에는 해당 약관을 드리고 그 중요한 내용을 설명한 것으로 봅니다.
   ② 공사가 제1항에 의해 제공될 약관을 청약 시 보험계약자에게 드리지 않거나 약관의 중요한 내용을 설명하지 않은 때에는 보험계약자는 제15조 제2항에 따라 증권이 발급된 날로부터 3개월 이내에 보험계약을 취소할 수 있습니다.
   ③ 제2항에 따라 보험계약이 취소된 경우에는 공사는 보험계약이 취소된 날로부터 3영업일 이내에 이미 납입한 보험료를 보험계약자에게 돌려드리며, 공사가 반환기일을 지키지 못하는 경우에는 반환기일의 다음 날부터 반환하는 날까지의 날수에 대하여 공사가 정한 이율을 적용한 연체금을 더하여 돌려드립니다."
17,제 16 조(수출의 통지 및 보험관계의 성립),"제 16 조(수출의 통지 및 보험관계의 성립)  ① 보험계약자가 증권에 기재된 내용에 따라 물품을 수출한 후 수출한 날부터 10영업일 이내에 그 사실을 공사가 정한 양식에 따라 공사에 통지한 때에는 수출일부터 보험관계가 성립합니다. 
   ② 제1항에도 불구하고 수출통지의 내용이 다음 각호의 1에 해당하는 경우에는 보험관계가 성립되지 않으며, 보험관계가 성립되지 않는 경우 공사는 그 사실을 수출통지를 받은 날부터 15영업일 이내에 보험계약자에게 통지합니다.
   1. 제1항의 수출통지가 지연된 경우. 다만, 통지지연에 상당한 이유가 있다고 인정되는 경우에는 그러하지 않습니다.
   2. 제1항에 의하여 통지된 수출대금의 보험금액이 인수한도 잔액을 초과하는 경우
   3. 보험계약자 또는 수출계약상대방(지급보증이 있는 경우 지급보증인)이 신용악화 등으로 인수가 불가능하여 공사가 FAX 등의 방식으로 보험계약자에게 통지한 경우. 다만, 공사가 통지한 날까지 선적 완료된 건은 그러하지 않습니다.
   4. 공사가 특정국가에 대한 국별인수방침을 제정 또는 개정하여 FAX등의 방식으로 보험계약자에게 통지한 경우, 그 적용기준일 이후 당해 인수방침에 부합되지 않게 수출한 경우
   5. 제9조에 의하여 보험계약자가 알린 사실을 심사한 결과 수출당시 이미 대금미결제 위험이 현저히 증가하였다고 인정되는 경우"
18,제 17 조(보험가액 및 보험금액),"제 17 조(보험가액 및 보험금액)  ① 보험가액은 수출대금으로 합니다. 다만, 2회 이상 분할하여 결제하기로 약정된 경우에는 각 결제기마다 결제 받을 각각의 금액으로 합니다.
   ② 수출계약이 제2조 제1항 제1호 또는 제2호에 해당하는 경우 보험금액은 보험가액에 100분의 95를 곱한 금액(다만, 중견기업은 100분의 97.5, 중소기업은 보험가액 전액)으로 합니다. 다만, 공사가 국별인수방침 등으로 별도로 정한 경우에는 이를 따릅니다.
   ③ 수출계약이 제2조 제1항 제3호에 해당하는 경우 보험금액은 보험가액에 100분의 95 이내에서 공사와 보험계약자가 협의하여 정한 비율을 곱한 금액으로 합니다."
19,제 18 조(보험계약후 알릴 의무),"제 18 조(보험계약후 알릴 의무)  ① 보험계약자는 수출계약의 내용 등에 대해 다음 각호의 사항의 변경이 발생한 경우에는 당해 내용변경일부터 10영업일 이내에 그 사실을 공사에 서면으로 통지해야 합니다.
   1. 수출대금
   2. 지급통화
   3. 수출계약상대방(지급보증인 포함)
   4. 결제조건(결제기일 포함)
   5. 지급지
   6. 기타 공사의 보험금 지급의무 발생에 중대한 영향을 미치는 사항
  ② 공사는 제1항의 통지를 받았을 경우에는 당해 내용을 승인하거나 보험계약을 해지할 수 있으며, 해지하는 경우 공사는 통지를 받은 날부터 15영업일 이내에 보험계약자에게 그 사실을 통지합니다.
  ③ 공사가 제2항에 의하여 보험관계를 해지한 때에는 보험관계를 해지하기 전에 보험사고가 발생하였다 하더라도 보상할 책임을 지지 않습니다. 다만, 그 사실이 보험사고의 발생에 영향을 미치지 않았음을 보험계약자가 입증한 때에는 그러하지 않습니다."
20,제 19 조(보험료 납부 등),"제 19 조(보험료 납부 등)  ① 보험계약자는 수출통지한 수출대금에 대하여 수출한 날부터 다음 각호에 정하여진 날까지의 날수에 해당하는 보험료를 그 수출을 한 다음달 25일까지 공사에 납부하여야 합니다. 
   1. 확정일출급 또는 일자후정기출급인 경우에는 수출한 날부터 수출계약서에서 정하여진 날수. 다만, 추심일(또는 환어음매입일)후 정기출급인 경우에는 수출계약서에 기재된 기간에 10일을 더하여 정하여지는 날
   2. 일람출급인 경우에는 30일. 다만, 물품 도착시 일람출급조건인 경우에는 보험계약자가 수출한 날에 공사가 정한 표준항해일수를 더하여 정하여지는 날
   3. 일람후정기출급인 경우에는 수출계약서에 기재된 기간에 30일을 더한 날 수.
  ② 공사가 보험계약의 내용변경을 승인한 경우에 보험계약자는 그 변경에 따른 추가보험료를 당해 내용변경을 한 날의 다음달 25일까지 납부해야 합니다. 다만, 공사의 요청에 의하여 내용 변경한 경우에는 그러하지 않습니다.
  ③ 보험계약자가 제1항 또는 제2항의 보험료를 납부기일까지 납부하지 않은 경우 당해 보험료와 납부기일의 다음날부터 납부하는 날까지의 날수에 대해 공사가 정한 연체이율을 적용하여 계산한 연체금을 납부기일의 다음달 25일까지 납부하여야 하며 그 기일까지 이를 납부하지 않은 때에는 보험관계가 해제되는 것으로 합니다.
  ④ 제3항의 해제는 보험관계성립에 따른 보험료 미납의 경우에는 그 성립일부터, 내용변경에 따른 보험료 미납의 경우에는 그 내용 변경 전 결제기일의 다음날부터 효력이 발생합니다. 
  ⑤ 제1항 및 제2항에도 불구하고 수출신용보증(선적후)과 연계된 경우에는 보험료 또는 추가보험료를 수출통지시 또는 내용변경승인시 공사가 정한 방법에 따라 납부합니다."
21,제 20 조(보험료의 환급),"제 20 조(보험료의 환급)  ① 보험관계가 무효ㆍ실효ㆍ해지 또는 해제(이하 “무효 등”)된 경우 그 사유에 따라 공사가 받은 보험료는 다음 각호와 같이 돌려드립니다.
   1. 보험계약자의 책임있는 사유에 의하는 경우 : 공사가 정한 방법에 따른 환급보험료의 100분의 50의 금액. 다만, 보험계약자의 고의 또는 중대한 과실로 무효가 된 때에는 보험료를 돌려드리지 않습니다.
   2. 보험계약자의 책임 없는 사유에 의하는 경우 : 무효, 해제의 경우에는 공사에 납입한 보험료의 전액. 실효, 해지의 경우에는 공사가 정한 방법에 따른 환급보험료
   ② 제1항 제1호의 “보험계약자의 책임 있는 사유”는 다음 각호의 경우를 의미합니다.
   1. 보험계약자의 사정으로 무효 등이 된 경우
   2. 공사가 제8조(보험계약의 해지) 제1항에 따라 보험계약을 해지하는 경우
   3. 제19조 제3항에 따라 보험관계가 해제되는 경우
   ③ 공사가 보험계약자가 낸 보험료의 전부 또는 일부를 돌려드리는 경우에는 보험료를 반환할 의무가 생긴 날부터 3영업일 이내에 드립니다. 위 “보험료를 반환할 의무가 생긴 날”은 보험계약자가 보험료 환급에 필요한 서류를 공사에 제출한 날 또는 공사가 보험계약자에게 보험계약의 해지, 해제를 통보하거나 무효, 실효가 된 날을 말합니다.
   ④ 공사가 제3항의 보험료 반환기일을 지키지 못하는 경우에는 반환기일의 다음 날부터 반환하는 날까지의 날수에 대하여 공사가 정한 이율을 적용한 연체금을 더하여 돌려드립니다.
   ⑤ 공사가 제18조 제1항에서 정한 보험계약 내용변경을 승인함으로써 보험기간이 단축되거나 보험금액이 감액된 경우에는 그 해당분에 대해서는 계약이 해지된 것으로 보며, 이로 인하여 공사가 환급하여야 할 보험료가 있을 경우에는 제1항 내지 제4항에 따라 이를 보험계약자에게 환급하여 드립니다."
22,제 21 조(사고발생 통지),"제 21 조(사고발생 통지)  ① 보험계약자가 수출대금의 결제기일 이전에 제4조 각호의 사유가 발생한 사실을 안 때에는 안 날부터 1월 이내에 그 사실을 공사에 서면으로 통지하여야 합니다.
   ② 보험계약자는 제4조에서 정한 손실이 발생하였을 때에는 결제기일부터 1월 이내에 그 사실을 공사에 서면으로 통지하여야 합니다. 보험계약자는 위 통지시 [별표 1] 사고발생의 통지시 제출 서류에 기재된 서류를 함께 공사에 제출하여야 합니다.
   ③ 보험계약자가 제1항 또는 제2항의 통지를 지연함으로써 다른 수출자와 동일한 수출계약상대방간의 추가 수출거래에 대하여 보험관계가 성립된 경우에는 사고발생통지 지연건에 대하여 지급보험금의 15/1000를 위약금으로 차감하여 지급할 수 있습니다."
23,제 22 조(보험금의 지급청구),"제 22 조(보험금의 지급청구)  ① 보험금의 지급을 청구하고자 하는 자는 자기비용으로 손실을 계산하여 증빙서류 및 기타 필요한 서류와 함께 보험금 청구서를 제출해야 합니다.
   ② 제21조에 의하여 사고발생을 통지 한 보험계약자는 다음 각호에서 정한 날이 경과한 후에 보험금지급을 청구할 수 있습니다. 다만, 공사가 별도의 보험금청구유예기간을 정한 경우에는 이에 따라야 합니다.
    1. 제4조 제1호 또는 제4조 제2호 '나'목에 의하여 사고발생을 통지한 경우 : 결제기일
    2. 제4조 제2호 '가'목에 의하여 사고발생을 통지한 경우 : 사고발생통지일로부터 1월
    3. 제4조 제2호 '다'목에 의하여 사고발생을 통지한 경우 : 결제기일로부터 2월(중소기업인 경우 1월)
   ③ 보험계약자가 보험금을 청구할 때에는 다음의 서류를 공사에 제출하여야 합니다.
   1. 보험금 청구서(공사 양식)
   2. 제21조 제1항에서 정한 통지시 제출한 서류에 변경 사항이 있을 경우 그 변경 사항이 기재된 자료
   3. 상환독촉장 (공사 양식)"
24,제22조의 2(소멸시효),제22조의 2(소멸시효) 보험금청구권 또는 보험료반환청구권은 3년간 행사하지 아니하면 소멸시효가 완성됩니다.
25,제 23 조(입금의 통지),"제 23 조(입금의 통지)  ① 보험계약자는 보험금을 지급받기 전에 회수한 금액이 있는 경우에는 그 회수한 금액에서 회수에 소요된 합리적인 비용을 뺀 잔액에 대한 계산서를 당해 금액의 입금일부터 15영업일 이내에 공사에 서면으로 통지하여야 합니다.
   ② 제1항에 의한 통지를 지연하여 보험금이 초과로 지급된 경우 그 초과 지급된 금액과 보험금지급일의 다음날과 제1항의 통지시한 만료일의 다음날 중 늦은 날부터 납부하는 날까지 날수에 대하여 공사가 정한 이율을 적용하여 계산한 연체금을 납부해야 합니다."
26,제 24 조(보험금의 지급),"제 24 조(보험금의 지급)  ① 공사는 제22조에 의하여 보험금의 지급청구를 받은 경우 그 청구를 받은 날로부터 2월 이내에 보험금을 지급하여 드립니다. 보험계약자가 위 보험금을 지급받을 때에는 다음의 서류를 공사에 제출하여야 합니다.
   1. 송금요청서(통장사본 포함)
   2. 수입자 인수 환어음 원본(환어음 반환요청 전문)
   3. 국, 영문 채권양도증서
   ② 제1항에도 불구하고 공사가 보험금의 지급청구에 따라 보상책임의 유무 또는 보험금 결정을 위하여 보험계약자에게 필요한 서류의 제출을 추가로 요구한 경우 보험금 지급기한을 제1항에 의한 보험금지급기한에 그 요구한 날부터 보험계약자가 당해 자료를 전부 제출한 날까지의 기간을 더한 날로 합니다.
   ③ 공사가 제1항 또는 제2항의 기한까지 보험금을 지급하지 아니한 경우에는 그 다음날부터 보험금지급일까지의 날수에 대하여 공사가 정한 이율을 적용한 연체금을 지급하여 드립니다. 다만, 다음 각호의 1에 해당하는 경우에는 그러하지 않습니다.
   1. 제7조에 의하여 면책 처분한 경우
   2. 제25조에 의하여 보험금을 가지급한 경우
   3. 보험계약자와 수출계약 상대방간의 분쟁의 발생으로 그 해결을 위하여 필요한 절차가 장기간 계류되는 등 공사가 정당한 사유로 지급기한을 경과한 경우
   ④ 제1항에도 불구하고 보험사고와 관련한 수출물품이 있는 경우에는 당해물품의 처분이나 처분불능을 공사가 확인한 날로부터 1월 이내에 보험금을 지급하여 드립니다. 다만, 공사가 인정하는 경우에는 그러하지 않습니다."
27,제 25 조(보험금의 가지급),"제 25 조(보험금의 가지급)  ① 다음 각호의 1에 해당하는 경우로서 제24조에 의한 보험금 지급기한까지 보험금지급이 곤란하다고 인정되는 경우 공사는 60/100(중견기업인 경우 70/100, 중소기업인 경우 80/100)범위 내에서 보험금을 가지급할 수 있습니다.
   1. 보험계약자와 수출계약 상대방간에 분쟁, 법적조치 기타 이에 준하는 사유가 발생하고, 그 해결을 위하여 필요한 절차가 장기간 계류되거나 계류될 것이 예상되는 경우
   2. 사고원인의 조사에 장기간이 소요되는 경우
   3. 보험사고 관련 수출물품이 처분되지 않은 경우
   4. 기타 공사가 지급하여야 할 보험금을 산정하기 위하여 장기간이 소요되는 경우
  ② 제1항에 의하여 보험금을 가지급하는 경우에는 조건을 붙일 수 있습니다.
  ③ 제1항에 의하여 보험금을 가지급한 후 지급할 보험금이 확정된 때에는 그 날부터 15영업일 이내에 정산합니다."
28,제 26 조(보험금지급후의 회수금),"제 26 조(보험금지급후의 회수금)  ① 보험계약자는 보험금을 지급받은 후에 회수한 금액(연체이자 포함)이 있는 경우에는 회수한 날부터 15영업일 이내에 다음 산식에 의한 금액을 그 계산서와 함께 공사에 납부하여야 합니다.
  ② 보험계약자가 제1항에 의하여 납부해야 할 금액을 공사가 지정하는 날까지 납부하지 않은 경우에는 그 금액과 그 다음날부터 납부하는 날까지의 날수에 대하여 공사가 정한 이율을 적용하여 계산한 연체금을 납부해야 합니다.
  ③ 보험계약자가 제1항 또는 제2항의 금액을 공사에 납부하지 않은 경우 공사는 그 금액을 보험계약자와의 다른 보험계약에 의해 지급해야 할 보험금에서 상계할 수 있습니다."
29,제 27 조(보험대위 등에 의한 회수금),"제 27 조(보험대위 등에 의한 회수금)  제29조 제3항의 보험대위 등에 의하여 공사가 회수한 금액이 있는 경우 다음 각호 금액의 합계액을 회수일로부터 15영업일 이내에 보험계약자에게 지급합니다.

  1. 원금 = (연체이자를 제외한 회수금 - 회수에 소요된 합리적인비용) × (1 - 보상비율)

  2. 연체이자* = 연체이자 - (보험금지급일의 다음날부터 회수일까지의 날수에 해당하는 연체이자 × 보상비율)

     * 연체이자임이 명백한 경우에 한하여 연체이자로 인정"
30,제 28 조(회수비용의 인정),"제 28 조(회수비용의 인정)  제26조에 의한 회수에 소요된 합리적인 비용이 총회수금액을 초과하는 경우에 공사는 그 금액을 한도로 회수비용을 인정합니다. 다만, 공사가 필요하다고 인정하는 경우에는 그 한도를 초과하여 부담할 수 있습니다."
31,제 29 조(보험금지급후의 채권회수),"제 29 조(보험금지급후의 채권회수)  ① 보험계약자는 보험금을 지급받은 후에도 당해 수출과 관련된 채권의 회수에 노력하여야 하며, 매 6개월마다 채권회수 이행상황을 공사에 서면으로 통지하여야 합니다.
   ② 제1항에도 불구하고 권리행사의 상대방의 파산 기타 부득이한 사유로 당해 권리를 행사할 실익이 없다고 공사가 인정하는 경우에는 그 권리행사를 종료할 수 있습니다.
   ③ 공사가 보험금을 지급한 후 채권회수를 위하여 필요하다고 인정하는 경우에는 수출대금과 관련된 보험계약자의 권리의 전부 또는 일부를 대위할 수 있습니다.
   ④ 보험계약자는 제3항의 대위권을 행사하기 위한 공사의 요구가 있을 때에는 보험계약체결에 따른 증서, 기타 관계서류를 양도하고 모든 편의를 제공해야 합니다.
   ⑤ 보험계약자가 제1항 또는 제4항을 위반한 경우 그로 인하여 회수할 수 없게 되었다고 인정되는 금액에 대하여 공사는 보험계약자에게 손해의 배상을 청구할 수 있습니다."
32,제 30 조(공사에 의한 권리의 행사),제 30 조(공사에 의한 권리의 행사)  공사는 보험금을 지급하기 전이라도 보험사고와 관련된 채권을 스스로 행사할 필요가 있다고 인정한 경우에는 보험계약자로부터 당해 채권의 행사를 위임받을 수 있습니다.
33,제 31 조(변제충당),"제 31 조(변제충당)  ① 보험계약자와 수출계약상대방 사이에 수개의 채무가 경합하는 경우에 변제의 제공이 그 채무 전부를 소멸시키지 못하면 수출계약상대방 또는 보험계약자에 의한 충당의 지정이 있더라도 공사가 필요하다고 인정하는 경우를 제외하고는 공사와 보험계약자 사이에는 결제기일(연장된 결제기일이 아닌 최초의 결제기일을 말하며, 이하 같음)도래 순으로 충당된 것으로 봅니다. 다만, 결제기일이 같은 경우에는 채무금액의 비율로 충당된 것으로 봅니다.
   ② 신용장방식 수출거래인 경우에는 제1항을 적용하지 않습니다."
34,제 32 조(약관의 효력),"제 32 조(약관의 효력)  ① 무역보험법령(이하 이조에서“법령”이라 함)이 개정 또는 폐지되어 이 약관조항이 법령의 규정과 모순되거나 저촉되는 경우 그 조항은 효력을 잃거나 법령의 규정대로 변경된 것으로 하며, 이 약관에 정해지지 않은 사항이 법령에 의하여 보험계약 내용으로 정해진 경우 그 사항은 새로이 이 약관의 내용으로 추가되는 것으로 합니다. 다만, 법령에 특별히 정한 경우를 제외하고는 이미 체결된 보험계약에 대해서는 영향을 미치지 않습니다.
   ② 이 약관에 기재된 장, 조의 배열순서 및 표제는 참조의 편의만을 위한 것으로 약관의 효력에는 영향을 미치지 않습니다."
35,제 33 조(특약사항),제 33 조(특약사항)  공사는 이 약관에서 정한 내용과 다른 사항을 약정하고자 하는 경우에는 보험계약자와 합의하여 특별약정을 추가로 체결할 수 있습니다.
36,제 34 조(보험금청구권 양도),"제 34 조(보험금청구권 양도)  ① 보험계약자는 공사의 승인 없이 이 약관에 따른 보험금 청구권 을 양도할 수 없습니다.
   ② 제1항에 의하여 보험금 청구권이 제3자에게 양도된 경우에도 보험금청구권을 제외한 기타 권리, 의무는 보험계약자인 수출자에게 있습니다."
37,제 35 조(이의신청),"제 35 조(이의신청)  ① 공사가 이 약관에 의하여 행한 처분에 대해 이의가 있는 보험계약자는  그 처분이 있은 것을 안 날부터 1월 이내, 처분이 있은 날부터 3월 이내에 공사에 이의신청을 할 수 있습니다.
   ② 공사는 제1항의 의한 이의신청이 있을 경우 1월 이내에 이를 심사하여 그 결과를 보험계약자에게 통지합니다."
38,제 36 조(적용환율 및 단수절사),"제 36 조(적용환율 및 단수절사)  ① 이 약관에서 적용하는 환율(당일 최초로 고시되는 매매기준율을 말하며, 이하 같음)은 다음 각호와 같습니다. 다만, 공사가 별도로 지정하는 경우에는 그렇지 않습니다.
   1. 제5조 각호의 금액 : 사유발생일의 환율
   2. 제6조 제2항의 “보험금” : 보험금 지급일의 환율
   3. 제23조, 제26조 및 제27조에 의한 “회수에 소요된 합리적인 비용” : 그 금액이 확정된 날의 환율
   4. 제26조 및 제27조에 의한 회수금의 납부액 또는 지급액 : 회수한 날의 환율
   5. 제1호 내지 제3호에 규정된 환산일에 환율이 없는 경우에는 환율이 고시된 직전일의 환율로 환산합니다.
   6. 원화환율이 고시되어 있지 않은 경우에는 다른 통화를 매개로 환산합니다.
   7. 제1호 내지 제6호에 규정된 환율의 적용이 곤란한 경우에는 공사가 지정한 환율로 환산합니다.
   ② 이 약관 제5조 손실액, 제6조 보험금, 제17조 보험금액, 제19조 보험료, 제23조, 제26조 및 제27조 회수금이 외국통화일 경우 소수둘째미만을, 내국통화일 경우 10원미만을 단수절사 합니다."
39,제 37 조(절차사항),"제 37 조(절차사항)  공사는 이 약관에 규정된 것 외에 보험계약에 관한 절차사항을 정할 수 있으며, 보험계약자는 이에 따라야 합니다."
40,제 38 조(준거법령),제 38 조(준거법령)  이 약관에 정해져 있지 않은 사항에 대해서는 대한민국 법령이 정하는 바에 따릅니다.
